{
  "slope": 0.30164289016350815,
  "intercept": 46.50226375532604
}